{"cameraMode":{"drawMode":0,"name":"Shaded","section":"Shading Mode"},"sceneLighting":false,"audioPlay":false,"sceneViewState":{"showFog":true,"showMaterialUpdate":true,"showSkybox":true,"showFlares":true,"showImageEffects":true,"showParticleSystems":true},"in2DMode":false,"pivot":{"x":15.017012596130371,"y":0.40627002716064455,"z":-11.699216842651368},"rotation":{"x":0.09528635442256928,"y":0.8102050423622131,"z":-0.13740874826908112,"w":0.5618117451667786},"size":29.2152042388916,"orthographic":false}